,Open,High,Low,Close,Volume
2023-08-14 04:45:00,663.6500244140625,663.6500244140625,638.5499877929688,649.6500244140625,2976922
2023-08-16 04:45:00,649.6500244140625,649.7999877929688,639.0999755859375,641.3499755859375,1177223
2023-08-17 04:45:00,643.4000244140625,652.2000122070312,639.0,649.0999755859375,1611226
2023-08-18 04:45:00,647.5,656.9000244140625,641.0499877929688,643.4000244140625,1353750
2023-08-21 04:45:00,643.4000244140625,652.0,640.4000244140625,650.5,1495106
2023-08-22 04:45:00,651.0999755859375,656.5,647.25,651.7000122070312,1048022
2023-08-23 04:45:00,653.0,659.5999755859375,648.5499877929688,649.6500244140625,1078844
2023-08-24 04:45:00,652.0499877929688,664.5,652.0,659.5999755859375,2183330
2023-08-25 04:45:00,660.4000244140625,670.0,651.0,658.25,3014348
2023-08-28 04:45:00,659.0,684.0999755859375,656.1500244140625,678.0999755859375,5261237
2023-08-29 04:45:00,684.0,686.0,671.25,672.5,2900392
2023-08-30 04:45:00,678.0,682.7999877929688,671.0,672.5499877929688,1632153
2023-08-31 04:45:00,677.0,678.7999877929688,668.7999877929688,672.0,1663214
2023-09-01 04:45:00,675.75,689.6500244140625,672.5499877929688,688.3499755859375,4146601
2023-09-04 04:45:00,693.5499877929688,708.0,692.0499877929688,703.25,6419929
2023-09-05 04:45:00,707.8499755859375,711.4500122070312,696.0,701.9000244140625,2678643
2023-09-06 04:45:00,701.9000244140625,715.9000244140625,696.0499877929688,708.5,3235426
2023-09-07 04:45:00,707.9000244140625,713.5499877929688,704.4500122070312,707.25,1886439
2023-09-08 04:45:00,710.0,758.0,707.2999877929688,725.5499877929688,13572298
2023-09-11 04:45:00,733.0,733.4000244140625,716.1500244140625,717.4000244140625,5096622
2023-09-12 04:45:00,720.9500122070312,722.2999877929688,686.0,688.2000122070312,4330553
2023-09-13 04:45:00,688.9500122070312,694.7000122070312,680.5499877929688,687.0,2241575
2023-09-14 04:45:00,698.0,704.2999877929688,691.6500244140625,696.4000244140625,2678027
2023-09-15 04:45:00,701.9500122070312,702.8499755859375,694.0,695.6500244140625,1614958
2023-09-18 04:45:00,696.0499877929688,697.8499755859375,688.0,689.3499755859375,1032981
2023-09-20 04:45:00,688.25,688.6500244140625,675.5499877929688,678.5499877929688,1353493
2023-09-21 04:45:00,677.9000244140625,683.4500122070312,668.0,671.2999877929688,1346593
2023-09-22 04:45:00,673.0,675.4000244140625,661.0,663.3499755859375,1386201
2023-09-25 04:45:00,667.0,692.2000122070312,667.0,689.2000122070312,4487685
2023-09-26 04:45:00,689.2000122070312,691.5,680.0499877929688,681.5499877929688,1055108
2023-09-27 04:45:00,681.5499877929688,686.5,674.0999755859375,682.0,1155826
2023-09-28 04:45:00,683.7000122070312,688.4000244140625,670.0,672.0999755859375,1109275
2023-09-29 04:45:00,676.0999755859375,683.3499755859375,673.7999877929688,680.8499755859375,846290
2023-10-03 04:45:00,680.6500244140625,707.4000244140625,676.7999877929688,703.5499877929688,3635424
2023-10-04 04:45:00,699.9500122070312,709.4500122070312,697.1500244140625,704.0499877929688,2562621
2023-10-05 04:45:00,706.0,726.5,705.6500244140625,719.4500122070312,5547419
2023-10-06 04:45:00,721.9500122070312,722.6500244140625,714.0,719.7999877929688,1644795
2023-10-09 04:45:00,709.0,710.0,698.25,702.8499755859375,1760290
2023-10-10 04:45:00,704.0,711.5999755859375,703.0,705.7000122070312,1371262
2023-10-11 04:45:00,710.0,711.7999877929688,703.4500122070312,704.5999755859375,946589
2023-10-12 04:45:00,705.0,707.7000122070312,698.5499877929688,700.25,1230285
2023-10-13 04:45:00,698.25,706.5,693.2000122070312,704.1500244140625,1018087
2023-10-16 04:45:00,705.0,709.0499877929688,701.25,703.3499755859375,799567
2023-10-17 04:45:00,703.7999877929688,719.4000244140625,703.0499877929688,714.5999755859375,2163042
2023-10-18 04:45:00,718.3499755859375,718.5,699.0999755859375,703.8499755859375,1690083
2023-10-19 04:45:00,701.4000244140625,704.75,690.2999877929688,699.6500244140625,1100204
2023-10-20 04:45:00,700.0,703.5,690.0,692.0999755859375,1232956
2023-10-23 04:45:00,692.6500244140625,692.6500244140625,663.0,666.2000122070312,1717013
2023-10-25 04:45:00,667.25,673.0,651.0999755859375,658.0499877929688,1305923
2023-10-26 04:45:00,656.4000244140625,656.4000244140625,635.5499877929688,645.0499877929688,1821947
2023-10-27 04:45:00,649.9000244140625,661.5999755859375,648.4000244140625,659.3499755859375,1056784
2023-10-30 03:45:00,661.7000122070312,665.7999877929688,652.5,663.2999877929688,988891
2023-10-31 03:45:00,664.75,668.9000244140625,662.9500122070312,665.3499755859375,603228
2023-11-01 03:45:00,666.0499877929688,670.0,652.0,652.8499755859375,840037
2023-11-02 03:45:00,657.9500122070312,663.5499877929688,649.7000122070312,655.2999877929688,1442254
2023-11-03 03:45:00,660.0,666.0999755859375,658.0499877929688,663.5999755859375,763012
2023-11-06 03:45:00,670.5,674.1500244140625,666.4000244140625,671.5,734713
2023-11-07 03:45:00,673.9500122070312,683.2999877929688,670.0,681.0999755859375,1366389
2023-11-08 03:45:00,690.0,690.0,671.5499877929688,676.9000244140625,2294522
2023-11-09 03:45:00,679.0,679.9000244140625,664.4000244140625,670.5499877929688,1785791
2023-11-10 03:45:00,669.9000244140625,676.0999755859375,665.7999877929688,672.4500122070312,711757
2023-11-13 03:45:00,677.0,677.0,669.0499877929688,671.0,517232
2023-11-15 03:45:00,677.7000122070312,678.9500122070312,674.0,677.3499755859375,736475
2023-11-16 03:45:00,677.0,683.9000244140625,675.7000122070312,679.6500244140625,1042850
2023-11-17 03:45:00,679.6500244140625,711.5,677.2000122070312,707.3499755859375,4894657
2023-11-20 03:45:00,709.9000244140625,712.0,694.75,701.2999877929688,1714181
2023-11-21 03:45:00,705.2999877929688,719.9000244140625,703.5,708.9500122070312,4324116
2023-11-22 03:45:00,709.0,711.7999877929688,693.0499877929688,700.0,1440191
2023-11-23 03:45:00,704.0,706.4500122070312,699.0,700.0,1285720
2023-11-24 03:45:00,703.0,704.4000244140625,691.5999755859375,692.7999877929688,896138
2023-11-28 03:45:00,697.2000122070312,699.2000122070312,692.7999877929688,696.7999877929688,877968
2023-11-29 03:45:00,696.7999877929688,709.5,696.7999877929688,700.5,1575534
2023-11-30 03:45:00,700.0,710.0,700.0,705.75,2128035
2023-12-01 03:45:00,710.0,710.0,700.0,701.2999877929688,1060638
2023-12-04 03:45:00,708.0,724.0,706.0,720.8499755859375,4528427
2023-12-05 03:45:00,724.75,728.9500122070312,709.0499877929688,715.0999755859375,2826160
2023-12-06 03:45:00,719.4000244140625,749.9000244140625,716.5999755859375,740.5,10164743
2023-12-07 03:45:00,742.75,762.25,732.0,757.7999877929688,7412553
2023-12-08 03:45:00,762.4500122070312,769.8499755859375,739.2000122070312,749.5499877929688,4842223
2023-12-11 03:45:00,750.9500122070312,766.5499877929688,750.0,762.0999755859375,3619579
2023-12-12 03:45:00,766.4000244140625,786.4000244140625,763.3499755859375,770.5999755859375,7248708
2023-12-13 03:45:00,774.4000244140625,781.5499877929688,763.7999877929688,777.9500122070312,2986173
2023-12-14 03:45:00,799.9500122070312,799.9500122070312,785.5,791.0499877929688,5071262
2023-12-15 03:45:00,797.0,797.0,778.6500244140625,780.8499755859375,2894186
2023-12-18 03:45:00,784.8499755859375,889.3499755859375,779.0999755859375,879.1500244140625,36365109
2023-12-19 03:45:00,881.2000122070312,916.5,852.2000122070312,882.0999755859375,37499776
2023-12-20 03:45:00,886.7000122070312,890.0,805.25,815.1500244140625,17968498
2023-12-21 03:45:00,807.0,874.5,801.9000244140625,868.25,25159581
2023-12-22 03:45:00,875.0,886.9000244140625,853.9000244140625,860.9000244140625,10046698
2023-12-26 03:45:00,865.0,883.9000244140625,859.0,869.7999877929688,6342848
2023-12-27 03:45:00,874.7999877929688,884.7000122070312,858.9500122070312,867.5,5028695
2023-12-28 03:45:00,873.9500122070312,875.0,862.0499877929688,864.1500244140625,3578585
2023-12-29 03:45:00,866.0,895.0,859.0499877929688,887.5,10705182
2024-01-01 03:45:00,892.0,916.8499755859375,888.0,891.8499755859375,9040913
2024-01-02 03:45:00,895.7000122070312,903.2999877929688,866.7999877929688,886.2000122070312,5242381
2024-01-03 03:45:00,886.2999877929688,910.0,886.2000122070312,899.25,6852189
2024-01-04 03:45:00,903.9000244140625,912.0,895.25,901.5499877929688,4427039
2024-01-05 03:45:00,905.0,923.4500122070312,894.0499877929688,905.9000244140625,9811302
2024-01-08 03:45:00,914.2000122070312,929.0,905.8499755859375,916.5499877929688,9604429
2024-01-09 03:45:00,925.0,926.7000122070312,912.0,918.7999877929688,4254653
2024-01-10 03:45:00,920.0,944.5,907.4000244140625,941.7000122070312,8474409
2024-01-11 03:45:00,949.0,951.7999877929688,938.0,940.2999877929688,6012001
2024-01-12 03:45:00,945.5999755859375,962.0,941.3499755859375,951.2000122070312,6044161
2024-01-15 03:45:00,961.0,976.4500122070312,951.0499877929688,967.4000244140625,6618736
2024-01-16 03:45:00,970.0,971.5,935.1500244140625,949.6500244140625,5464749
2024-01-17 03:45:00,944.9000244140625,950.5,932.0,934.7000122070312,3782327
2024-01-18 03:45:00,935.0999755859375,944.0,870.2999877929688,927.25,6557942
2024-01-19 03:45:00,935.0,988.7999877929688,934.0499877929688,983.7999877929688,14486659
2024-01-23 03:45:00,1045.050048828125,1046.9000244140625,926.6500244140625,935.3499755859375,15704924
2024-01-24 03:45:00,941.5,977.0,909.0999755859375,970.5999755859375,8909650
2024-01-25 03:45:00,975.5499877929688,989.9500122070312,959.0,970.2999877929688,6428039
2024-01-29 03:45:00,983.9000244140625,989.9000244140625,972.6500244140625,981.7999877929688,3870322
2024-01-30 03:45:00,986.3499755859375,986.6500244140625,961.1500244140625,964.0499877929688,2502690
2024-01-31 03:45:00,968.9000244140625,981.9000244140625,965.0,977.2000122070312,2254800
2024-02-01 03:45:00,988.5,993.5,958.0499877929688,963.2999877929688,5130192
2024-02-02 03:45:00,968.9500122070312,986.2999877929688,963.9000244140625,967.5,2803549
2024-02-05 03:45:00,971.9000244140625,972.7999877929688,941.1500244140625,946.6500244140625,3260389
2024-02-06 03:45:00,950.0,968.4000244140625,939.5,965.25,2521842
2024-02-07 03:45:00,969.0,972.5999755859375,948.2999877929688,954.75,1956892
2024-02-08 03:45:00,957.5999755859375,958.5499877929688,941.7999877929688,944.3499755859375,1638646
2024-02-09 03:45:00,949.0999755859375,954.4000244140625,916.0,939.1500244140625,2482688
2024-02-12 03:45:00,941.9500122070312,947.0,894.0,900.0999755859375,3029950
2024-02-13 03:45:00,900.0999755859375,914.7000122070312,877.0,910.4500122070312,3906213
2024-02-14 03:45:00,915.5,934.0,897.2999877929688,929.2000122070312,4480920
2024-02-15 03:45:00,938.4500122070312,968.0,935.2000122070312,951.5,4532823
2024-02-16 03:45:00,957.0,959.8499755859375,937.0999755859375,940.6500244140625,2036667
2024-02-19 03:45:00,942.0,956.75,939.5499877929688,946.9500122070312,2063916
2024-02-20 03:45:00,947.4000244140625,954.9000244140625,944.25,951.9000244140625,1723035
2024-02-21 03:45:00,952.6500244140625,959.5499877929688,922.0999755859375,925.75,2291737
2024-02-22 03:45:00,928.0999755859375,939.25,917.0999755859375,935.6500244140625,1724197
2024-02-23 03:45:00,947.2999877929688,971.0,944.1500244140625,964.8499755859375,7709557
2024-02-26 03:45:00,966.9500122070312,989.9000244140625,964.0,968.4000244140625,7397592
2024-02-27 03:45:00,968.9000244140625,974.0,948.1500244140625,952.75,2829201
2024-02-28 03:45:00,953.0,959.6500244140625,920.0,924.0499877929688,2972449
2024-02-29 03:45:00,923.0,933.9500122070312,912.4000244140625,927.4000244140625,3232361
2024-03-01 03:45:00,934.0,938.0499877929688,927.0,929.2999877929688,1305118
2024-03-04 03:45:00,934.7999877929688,945.8499755859375,923.9500122070312,938.0,2010812
2024-03-05 03:45:00,938.0,941.25,928.6500244140625,935.7999877929688,1167131
2024-03-06 03:45:00,936.0,937.0,911.5499877929688,929.0499877929688,1888149
2024-03-07 03:45:00,931.5999755859375,946.4500122070312,930.1500244140625,937.2000122070312,1565514
2024-03-11 03:45:00,937.2000122070312,961.0,931.0499877929688,938.5999755859375,3587812
2024-03-12 03:45:00,939.0,941.4000244140625,915.5,920.9500122070312,1570749
2024-03-13 03:45:00,925.1500244140625,931.5,869.0,880.6500244140625,4244094
2024-03-14 03:45:00,875.0499877929688,905.3499755859375,862.75,898.75,2731461
2024-03-15 03:45:00,899.0,916.1500244140625,877.0499877929688,912.5,3393550
2024-03-18 03:45:00,912.5,922.9500122070312,904.0,918.9000244140625,1605008
2024-03-19 03:45:00,918.9000244140625,918.9000244140625,900.0,906.4000244140625,1737458
2024-03-20 03:45:00,906.0,916.5,882.7999877929688,901.9000244140625,1978201
2024-03-21 03:45:00,913.0,943.9000244140625,910.2000122070312,934.75,3688075
2024-03-22 03:45:00,938.9000244140625,940.9000244140625,926.5,928.7000122070312,1554947
2024-03-26 03:45:00,928.7000122070312,936.75,920.1500244140625,928.75,1707716
2024-03-27 03:45:00,930.9500122070312,940.2000122070312,926.4000244140625,929.9500122070312,1511283
2024-03-28 03:45:00,933.4000244140625,939.4000244140625,925.0,929.7000122070312,1729773
2024-04-01 04:45:00,930.0499877929688,972.9500122070312,930.0,970.1500244140625,4502891
2024-04-02 04:45:00,970.9500122070312,1012.2999877929688,964.0999755859375,1003.7999877929688,8068586
2024-04-03 04:45:00,1003.0,1037.949951171875,992.0999755859375,1014.6500244140625,7346168
2024-04-04 04:45:00,1020.0,1022.5,994.0499877929688,998.1500244140625,2790135
2024-04-05 04:45:00,998.0,1010.9500122070312,993.8499755859375,1002.9500122070312,1970844
2024-04-08 04:45:00,1005.0,1026.0,998.0,1014.7999877929688,3002278
2024-04-09 04:45:00,1019.6500244140625,1030.9000244140625,1006.0999755859375,1010.4500122070312,2439829
2024-04-10 04:45:00,1014.6500244140625,1029.5,1013.4000244140625,1023.0,2728295
2024-04-12 04:45:00,1022.75,1068.800048828125,1016.8499755859375,1057.6500244140625,10944073
2024-04-15 04:45:00,1044.949951171875,1048.25,1018.9500122070312,1029.5,4729372
2024-04-16 04:45:00,1024.5999755859375,1036.9000244140625,1006.25,1016.4500122070312,2760799
2024-04-18 04:45:00,1022.4000244140625,1033.5,988.0,992.9500122070312,2259164
2024-04-19 04:45:00,990.0,1006.1500244140625,970.5,992.0,3556149
2024-04-22 04:45:00,1004.9500122070312,1008.0499877929688,995.0,1000.0499877929688,1465887
2024-04-23 04:45:00,1005.0,1019.6500244140625,998.7999877929688,1016.2999877929688,1744634
2024-04-24 04:45:00,1023.0,1027.949951171875,1016.8499755859375,1025.3499755859375,1689611
2024-04-25 04:45:00,1030.0,1038.0,1022.5,1027.800048828125,1586884
2024-04-26 04:45:00,1034.300048828125,1059.0,1026.5999755859375,1044.449951171875,3367252
2024-04-29 04:45:00,1052.0,1068.0,1037.6500244140625,1045.25,3571796
2024-04-30 04:45:00,1050.5,1057.699951171875,1034.199951171875,1038.75,1889199
2024-05-02 04:45:00,1038.75,1076.449951171875,1036.800048828125,1056.300048828125,3702221
2024-05-03 04:45:00,1061.199951171875,1075.5999755859375,1041.0,1052.449951171875,2504576
2024-05-06 04:45:00,1055.0,1057.199951171875,1007.1500244140625,1022.2000122070312,3652645
2024-05-07 04:45:00,1025.0,1029.0999755859375,987.25,993.5,2314924
2024-05-08 04:45:00,989.0,1016.0,989.0,1007.4500122070312,1871931
2024-05-09 04:45:00,1009.0,1013.4500122070312,982.7000122070312,986.0999755859375,1962409
2024-05-10 04:45:00,988.3499755859375,1003.9500122070312,983.0,995.5499877929688,1307761
2024-05-13 04:45:00,999.7000122070312,999.7000122070312,973.5,990.1500244140625,1422203
2024-05-14 04:45:00,994.25,1032.550048828125,993.6500244140625,1026.6500244140625,2536531
2024-05-15 04:45:00,1027.050048828125,1039.9000244140625,1020.25,1028.6500244140625,1328038
2024-05-16 04:45:00,1031.0,1044.699951171875,1029.0999755859375,1040.5,1662931
2024-05-17 04:45:00,1041.0999755859375,1100.0,1039.1500244140625,1093.699951171875,6852207
2024-05-21 04:45:00,1109.0,1122.300048828125,1087.550048828125,1115.550048828125,4808902
2024-05-22 04:45:00,1121.0999755859375,1136.9000244140625,1106.050048828125,1126.0,3646850
2024-05-23 04:45:00,1129.0,1138.9000244140625,1116.5999755859375,1122.0999755859375,2440066
2024-05-24 04:45:00,1124.0,1124.0,1107.0,1109.050048828125,2116118
2024-05-27 04:45:00,1116.0999755859375,1119.75,1095.050048828125,1101.25,2681079
2024-05-28 04:45:00,1105.0,1107.5999755859375,1077.75,1083.0999755859375,2907482
2024-05-29 04:45:00,1046.0999755859375,1061.300048828125,1027.1500244140625,1042.9000244140625,7214522
2024-05-30 04:45:00,1042.9000244140625,1053.8499755859375,1020.5,1025.3499755859375,2329426
2024-05-31 04:45:00,1035.4000244140625,1037.75,998.0,1020.3499755859375,4783658
2024-06-03 04:45:00,1084.949951171875,1084.949951171875,1038.199951171875,1054.25,3598463
2024-06-04 04:45:00,1056.0,1056.0,845.2999877929688,912.0499877929688,11464052
2024-06-05 04:45:00,945.0,945.0,858.0,918.9000244140625,8798437
2024-06-06 04:45:00,942.9000244140625,984.8499755859375,925.7000122070312,973.2999877929688,5451521
2024-06-07 04:45:00,978.0,982.5999755859375,965.0,977.75,2476737
2024-06-10 04:45:00,990.0,990.8499755859375,972.5999755859375,977.9000244140625,2242074
2024-06-11 04:45:00,985.0999755859375,1036.0,982.5999755859375,1020.0499877929688,8695834
2024-06-12 04:45:00,1027.0,1034.0,1015.0999755859375,1026.949951171875,4385975
2024-06-13 04:45:00,1037.0,1037.0,1013.5,1017.5499877929688,1996303
2024-06-14 04:45:00,1024.0,1027.699951171875,1014.6500244140625,1018.2000122070312,1511522
2024-06-18 04:45:00,1019.0,1038.6500244140625,1018.7000122070312,1032.4000244140625,2486989
2024-06-19 04:45:00,1035.8499755859375,1037.0,1002.9000244140625,1014.6500244140625,2550530
2024-06-20 04:45:00,1017.3499755859375,1027.0,1007.2000122070312,1015.5999755859375,1694557
2024-06-21 04:45:00,1018.7999877929688,1046.0,1008.2000122070312,1012.2999877929688,5664314
2024-06-24 04:45:00,1020.0,1037.949951171875,1007.5999755859375,1010.25,4131226
2024-06-25 04:45:00,1014.0,1018.7999877929688,987.0999755859375,995.0999755859375,3163136
2024-06-26 04:45:00,1000.0,1002.75,988.0,990.4500122070312,3137677
2024-06-27 04:45:00,991.0,1002.3499755859375,983.3499755859375,991.25,2402997
2024-06-28 04:45:00,995.7000122070312,1007.5,988.0,989.25,3777772
2024-07-01 04:45:00,990.0,999.25,989.0499877929688,992.8499755859375,1815971
2024-07-02 04:45:00,995.2000122070312,1014.5,991.0499877929688,1006.5999755859375,3155918
2024-07-03 04:45:00,1007.4000244140625,1010.0,1001.0999755859375,1004.25,1904860
2024-07-04 04:45:00,1009.7999877929688,1016.9000244140625,1002.5999755859375,1006.0499877929688,1498265
2024-07-05 04:45:00,1005.0,1034.449951171875,1003.0499877929688,1026.199951171875,4670941
2024-07-08 04:45:00,1030.0,1051.75,1027.800048828125,1045.5999755859375,6083179
2024-07-09 04:45:00,1052.8499755859375,1055.0,1023.2000122070312,1027.9000244140625,2638133
2024-07-10 04:45:00,1032.449951171875,1037.300048828125,993.75,1021.8499755859375,2295822
2024-07-11 04:45:00,1030.25,1041.800048828125,1026.949951171875,1029.4000244140625,2328069
2024-07-12 04:45:00,1031.0,1059.449951171875,1022.25,1043.050048828125,4997763
2024-07-15 04:45:00,1046.8499755859375,1047.4000244140625,1035.050048828125,1037.9000244140625,3052646
2024-07-16 04:45:00,1042.0,1044.949951171875,1024.5,1029.0,1242326
2024-07-18 04:45:00,1027.8499755859375,1028.75,1004.0999755859375,1010.25,1850857
2024-07-19 04:45:00,1012.6500244140625,1014.9500122070312,985.0,989.0999755859375,3195475
2024-07-22 04:45:00,990.0,1011.9500122070312,971.0,1006.25,2819852
2024-07-23 04:45:00,1015.7000122070312,1015.7000122070312,940.0499877929688,972.9000244140625,5290749
2024-07-24 04:45:00,974.7000122070312,988.25,968.6500244140625,974.2000122070312,2446557
2024-07-25 04:45:00,970.9500122070312,972.5999755859375,954.0,969.1500244140625,1573736
2024-07-26 04:45:00,976.0,991.3499755859375,972.9000244140625,984.1500244140625,1990326
2024-07-29 04:45:00,990.0,1000.7999877929688,985.2999877929688,991.4500122070312,1761942
2024-07-30 04:45:00,994.5,998.0,988.4500122070312,989.5999755859375,979935
2024-07-31 04:45:00,990.0,994.4000244140625,985.5,987.6500244140625,994897
2024-08-01 04:45:00,989.9000244140625,995.0,976.0,980.5,998861
2024-08-02 04:45:00,972.75,976.5,963.6500244140625,966.4000244140625,1102487
2024-08-05 04:45:00,945.0,954.0,921.1500244140625,925.5,2629317
2024-08-06 04:45:00,925.5,946.75,915.9000244140625,919.1500244140625,1708694
2024-08-07 04:45:00,927.8499755859375,934.0999755859375,921.2999877929688,930.8499755859375,1174614
2024-08-08 04:45:00,930.8499755859375,939.9000244140625,923.5499877929688,925.7999877929688,1150268
2024-08-09 04:45:00,932.5499877929688,935.6500244140625,926.0,926.9500122070312,569574
2024-08-12 04:45:00,926.4500122070312,933.25,915.0499877929688,924.4000244140625,1267706
2024-08-13 04:45:00,929.75,931.4500122070312,911.2999877929688,918.4500122070312,1973513
2024-08-14 04:45:00,928.0,929.0,906.2999877929688,909.8499755859375,1764250
2024-08-16 04:45:00,914.9000244140625,925.9000244140625,911.2999877929688,924.75,908032
2024-08-19 04:45:00,926.0,940.7000122070312,925.1500244140625,937.7000122070312,1252866
2024-08-20 04:45:00,940.0499877929688,942.4000244140625,926.4000244140625,931.0,1191423
2024-08-21 04:45:00,930.0499877929688,938.7000122070312,927.75,934.7999877929688,943091
2024-08-22 04:45:00,935.0,942.2999877929688,932.3499755859375,939.4000244140625,841250
2024-08-23 04:45:00,935.0,938.0999755859375,922.0,923.2999877929688,1246894
2024-08-26 04:45:00,927.7999877929688,931.6500244140625,925.0999755859375,931.0,765618
2024-08-27 04:45:00,933.5,933.5,925.1500244140625,930.4000244140625,707733
2024-08-28 04:45:00,931.0999755859375,939.5499877929688,925.5,927.0,1063625
2024-08-29 04:45:00,927.4000244140625,928.5,914.4000244140625,923.0499877929688,1360184
2024-08-30 04:45:00,925.0,948.0,921.7999877929688,932.7999877929688,2984431
2024-09-02 04:45:00,938.9500122070312,938.9500122070312,928.0,937.0,1054893
2024-09-03 04:45:00,937.9500122070312,949.0,937.7999877929688,944.1500244140625,1573400
2024-09-04 04:45:00,934.0499877929688,941.0,932.2000122070312,939.2000122070312,1562616
2024-09-05 04:45:00,940.0,952.5499877929688,938.7999877929688,945.25,1929930
2024-09-06 04:45:00,945.5999755859375,948.2000122070312,925.4500122070312,936.5,2639602
2024-09-09 04:45:00,928.0499877929688,932.7999877929688,918.9500122070312,927.0,1435727
2024-09-10 04:45:00,927.0999755859375,933.7000122070312,922.0,930.0999755859375,1256105
2024-09-11 04:45:00,927.0,934.0,920.0999755859375,923.25,1272594
2024-09-12 04:45:00,925.5999755859375,932.9000244140625,920.0,931.3499755859375,943329
2024-09-13 04:45:00,936.0499877929688,957.0999755859375,935.0,936.9000244140625,2599598
2024-09-16 04:45:00,937.5,941.9500122070312,927.7000122070312,935.75,1136823
2024-09-17 04:45:00,939.5499877929688,939.5499877929688,928.5,933.0999755859375,828569
2024-09-18 04:45:00,930.0,932.9000244140625,901.25,905.5499877929688,1847560
2024-09-19 04:45:00,908.0,914.25,866.0499877929688,883.6500244140625,3593230
2024-09-20 04:45:00,888.0999755859375,897.0,881.7000122070312,894.25,1955170
2024-09-23 04:45:00,898.25,912.6500244140625,895.0499877929688,910.2000122070312,1325815
2024-09-24 04:45:00,912.0,919.5,910.0,911.7000122070312,1174611
2024-09-25 04:45:00,914.0,914.0,897.0,901.25,1074569
2024-09-26 04:45:00,900.0,909.0,893.9000244140625,906.75,1365404
2024-09-27 04:45:00,902.0499877929688,928.0,902.0499877929688,924.9000244140625,2305800
2024-09-30 04:45:00,920.0,932.7000122070312,920.0,928.5499877929688,1988164
2024-10-01 04:45:00,925.0,934.0,920.25,931.1500244140625,879838
2024-10-03 04:45:00,912.0,922.7999877929688,880.2999877929688,886.4000244140625,4255223
2024-10-04 04:45:00,886.4000244140625,893.7000122070312,868.0499877929688,872.75,2313592
2024-10-07 04:45:00,877.1500244140625,880.75,843.2999877929688,857.7000122070312,3166651
2024-10-08 04:45:00,854.0,877.1500244140625,851.9000244140625,875.0999755859375,1054400
2024-10-09 04:45:00,877.0,887.5999755859375,872.9500122070312,879.5499877929688,1230532
2024-10-10 04:45:00,880.5499877929688,892.0,880.4000244140625,882.6500244140625,914176
2024-10-11 04:45:00,880.0,894.6500244140625,878.0499877929688,889.2000122070312,690607
2024-10-14 04:45:00,889.2000122070312,892.7999877929688,881.0999755859375,885.0,802776
2024-10-15 04:45:00,885.0,899.0,883.5999755859375,895.2999877929688,1234903
2024-10-16 04:45:00,893.8499755859375,900.4000244140625,887.6500244140625,892.5999755859375,716022
2024-10-17 04:45:00,888.0,893.0,863.0,871.75,1864160
2024-10-18 04:45:00,869.3499755859375,883.8499755859375,862.7000122070312,881.0,891309
2024-10-21 04:45:00,879.6500244140625,884.7000122070312,851.2000122070312,858.7999877929688,964444
2024-10-22 04:45:00,858.7999877929688,858.7999877929688,829.0,831.4000244140625,1690141
2024-10-23 04:45:00,827.0,839.8499755859375,813.7000122070312,828.6500244140625,1551853
2024-10-24 04:45:00,828.6500244140625,843.0,827.1500244140625,830.1500244140625,739626
2024-10-25 04:45:00,830.1500244140625,832.8499755859375,798.0999755859375,812.0999755859375,1429801
2024-10-28 03:45:00,812.0999755859375,830.2000122070312,809.0499877929688,821.0499877929688,903462
2024-10-29 03:45:00,821.0499877929688,826.4500122070312,806.5,824.8499755859375,849115
2024-10-30 03:45:00,824.0499877929688,856.9500122070312,819.0,839.4000244140625,1597691
2024-10-31 03:45:00,839.4000244140625,845.0999755859375,816.1500244140625,821.2999877929688,1241687
2024-11-01 03:45:00,825.4500122070312,833.8499755859375,820.1500244140625,831.75,353630
2024-11-04 03:45:00,833.0,833.3499755859375,802.4500122070312,816.2000122070312,1622214
2024-11-05 03:45:00,795.0,831.7000122070312,792.0999755859375,829.0999755859375,4430786
2024-11-06 03:45:00,835.0,863.2999877929688,833.2999877929688,857.3499755859375,3702637
2024-11-07 03:45:00,851.1500244140625,857.0999755859375,841.1500244140625,844.0499877929688,872399
2024-11-08 03:45:00,841.0,844.9500122070312,830.0,832.5,899276
2024-11-11 03:45:00,828.0999755859375,842.7999877929688,822.1500244140625,836.2000122070312,730959
2024-11-12 03:45:00,836.0,843.7999877929688,810.0,811.6500244140625,1007697
2024-11-13 03:45:00,809.7000122070312,817.2999877929688,796.5,801.4000244140625,1223260
2024-11-14 03:45:00,800.0,808.25,791.0,799.5999755859375,845850
2024-11-18 03:45:00,801.9000244140625,810.9000244140625,787.0,797.0999755859375,1009781
2024-11-19 03:45:00,796.0,815.6500244140625,796.0,800.0999755859375,774201
2024-11-21 03:45:00,801.2999877929688,801.2999877929688,783.0,793.8499755859375,1176124
2024-11-22 03:45:00,793.0,810.4500122070312,791.5499877929688,808.5999755859375,704780
2024-11-25 03:45:00,820.0,826.5999755859375,810.4000244140625,812.0999755859375,1214000
2024-11-26 03:45:00,814.5,822.0,812.0,814.9500122070312,746418
2024-11-27 03:45:00,813.0,831.0,812.0,822.5999755859375,1161326
2024-11-28 03:45:00,822.5999755859375,827.2999877929688,811.2000122070312,814.3499755859375,1145818
2024-11-29 03:45:00,814.3499755859375,822.9000244140625,810.0,815.9500122070312,1333757
2024-12-02 03:45:00,815.0,819.6500244140625,809.0999755859375,816.5,985235
2024-12-03 03:45:00,816.5,834.5999755859375,816.5,831.8499755859375,1104201
2024-12-04 03:45:00,833.0,839.0,825.2999877929688,832.6500244140625,1153943
2024-12-05 03:45:00,833.0,841.5,831.4000244140625,836.8499755859375,1345367
2024-12-06 03:45:00,836.8499755859375,843.9000244140625,829.2000122070312,830.5999755859375,1312492
2024-12-09 03:45:00,830.5999755859375,840.5999755859375,829.8499755859375,833.7000122070312,970147
2024-12-10 03:45:00,838.7000122070312,847.75,833.0499877929688,835.0,1006094
2024-12-11 03:45:00,837.2000122070312,857.0,833.3499755859375,855.4500122070312,2301272
2024-12-12 03:45:00,855.0,859.7000122070312,836.0499877929688,839.9000244140625,1281101
2024-12-13 03:45:00,835.0499877929688,839.25,820.2000122070312,835.4500122070312,1034298
2024-12-16 03:45:00,835.0,843.9000244140625,835.0,842.5,729632
2024-12-17 03:45:00,839.7999877929688,842.5,825.0,826.7999877929688,762025
2024-12-18 03:45:00,824.9500122070312,826.7999877929688,810.0,813.0,724323
2024-12-19 03:45:00,805.0,808.25,798.2999877929688,805.5499877929688,808692
2024-12-20 03:45:00,803.0,812.7000122070312,781.0,784.25,1390018
2024-12-23 03:45:00,786.7999877929688,792.5499877929688,777.2000122070312,788.2000122070312,1084917
2024-12-24 03:45:00,787.3499755859375,792.9500122070312,779.4000244140625,788.7999877929688,834321
2024-12-26 03:45:00,788.0499877929688,792.2000122070312,778.5,782.4000244140625,827630
2024-12-27 03:45:00,777.25,786.0,777.25,779.25,636165
2024-12-30 03:45:00,779.25,781.7000122070312,765.0999755859375,768.9500122070312,2554813
2024-12-31 03:45:00,767.9000244140625,789.9000244140625,767.0,786.9000244140625,1077161
2025-01-01 03:45:00,785.0,794.6500244140625,784.2000122070312,788.9000244140625,581539
2025-01-02 03:45:00,785.0,796.0,784.0,794.5,809623
2025-01-03 03:45:00,791.0,804.5,791.0,796.2999877929688,862604
2025-01-06 03:45:00,796.0,802.9500122070312,765.0,770.3499755859375,1421671
2025-01-07 03:45:00,770.0,783.4000244140625,770.0,775.4000244140625,676868
2025-01-08 03:45:00,772.0999755859375,776.0,761.7999877929688,769.9000244140625,783013
2025-01-09 03:45:00,770.1500244140625,771.0999755859375,762.0,763.7999877929688,607785
2025-01-10 03:45:00,772.7999877929688,800.75,755.2999877929688,779.1500244140625,6281464
2025-01-13 03:45:00,779.1500244140625,779.1500244140625,743.75,746.8499755859375,1644645
2025-01-14 03:45:00,748.0,764.7000122070312,748.0,757.75,1291155
2025-01-15 03:45:00,760.0,770.4000244140625,755.0499877929688,759.5499877929688,865946
2025-01-16 03:45:00,768.0,773.2000122070312,762.0,763.2000122070312,1389758
2025-01-17 03:45:00,764.0,781.9000244140625,759.0999755859375,779.2000122070312,1489997
2025-01-20 03:45:00,781.0,800.75,775.2000122070312,791.0999755859375,1405314
2025-01-21 03:45:00,791.9500122070312,797.5,781.25,782.7000122070312,873078
2025-01-22 03:45:00,783.0999755859375,784.2999877929688,757.0999755859375,770.6500244140625,1097030
2025-01-23 03:45:00,770.5999755859375,797.4000244140625,766.7999877929688,795.2000122070312,1235738
2025-01-24 03:45:00,799.2000122070312,802.5,784.2999877929688,787.5,1303909
2025-01-27 03:45:00,779.1500244140625,782.0499877929688,745.0,747.7000122070312,2669886
2025-01-28 03:45:00,757.0,759.2999877929688,736.2999877929688,750.0499877929688,1371367
2025-01-29 03:45:00,749.0,764.5499877929688,749.0,762.4000244140625,699239
2025-01-30 03:45:00,764.0,785.0,763.0499877929688,779.0,2153478
2025-01-31 03:45:00,782.8499755859375,828.7999877929688,775.0,822.2999877929688,3111982
2025-02-01 03:45:00,831.6500244140625,831.75,787.0999755859375,794.7000122070312,3990832
2025-02-03 03:45:00,788.0,788.0,758.7999877929688,772.6500244140625,1830063
2025-02-04 03:45:00,774.0999755859375,786.0,774.0999755859375,781.9000244140625,1037714
2025-02-05 03:45:00,781.0,797.5499877929688,781.0,791.9000244140625,972279
2025-02-06 03:45:00,791.9000244140625,794.9000244140625,782.0,783.7999877929688,630878
2025-02-07 03:45:00,781.0,787.2000122070312,768.5499877929688,774.0999755859375,616852
2025-02-10 03:45:00,770.0,787.3499755859375,767.2000122070312,773.7000122070312,1491971
2025-02-11 03:45:00,777.7999877929688,778.0,744.2999877929688,750.9500122070312,1244409
2025-02-12 03:45:00,755.0,764.7000122070312,722.0499877929688,759.1500244140625,2623575
2025-02-13 03:45:00,759.1500244140625,772.0,745.0,746.3499755859375,1038398
2025-02-14 03:45:00,751.0,752.75,726.3499755859375,732.5999755859375,937949
2025-02-17 03:45:00,725.0,732.5999755859375,715.3499755859375,725.4500122070312,1010707
2025-02-18 03:45:00,725.0,728.5,709.2999877929688,719.2000122070312,1091654
2025-02-19 03:45:00,717.0,732.0,711.5,728.2999877929688,785782
2025-02-20 03:45:00,721.2999877929688,736.7999877929688,716.0,735.5,811604
2025-02-21 03:45:00,730.3499755859375,743.9000244140625,724.5,731.0999755859375,1034460
2025-02-24 03:45:00,723.0499877929688,728.2000122070312,716.25,720.3499755859375,811313
2025-02-25 03:45:00,716.4500122070312,724.3499755859375,705.2000122070312,710.3499755859375,890830
2025-02-27 03:45:00,710.3499755859375,714.7000122070312,692.0,694.3499755859375,1401348
2025-02-28 03:45:00,689.9000244140625,691.9500122070312,661.5499877929688,670.9500122070312,2521717
2025-03-03 03:45:00,673.0499877929688,680.9000244140625,656.0499877929688,676.5999755859375,1528561
2025-03-04 03:45:00,674.9500122070312,681.5,662.2000122070312,673.8499755859375,1320164
2025-03-05 03:45:00,673.0499877929688,695.9500122070312,673.0499877929688,695.1500244140625,1044963
2025-03-06 03:45:00,699.7000122070312,707.0999755859375,697.0,702.3499755859375,867497
2025-03-07 03:45:00,701.75,711.7000122070312,696.8499755859375,700.6500244140625,1087031
2025-03-10 03:45:00,703.0499877929688,708.5,687.8499755859375,689.7000122070312,845259
2025-03-11 03:45:00,683.0,694.0,675.0,691.1500244140625,814316
2025-03-12 03:45:00,692.0,699.1500244140625,686.0999755859375,698.2000122070312,645844
2025-03-13 03:45:00,699.0,703.5,687.5999755859375,689.0499877929688,810061
2025-03-17 03:45:00,689.2999877929688,696.9500122070312,687.7999877929688,690.6500244140625,717347
2025-03-18 03:45:00,690.6500244140625,690.6500244140625,690.6500244140625,690.6500244140625,0
2025-03-19 03:45:00,711.0,723.0,707.4000244140625,717.6500244140625,1111899
2025-03-20 03:45:00,723.2000122070312,725.9000244140625,712.1500244140625,714.8499755859375,1079612
2025-03-21 03:45:00,716.7000122070312,725.7000122070312,714.0,722.2000122070312,1869067
2025-03-24 03:45:00,730.0,733.5499877929688,723.7000122070312,726.9500122070312,1080209
2025-03-25 03:45:00,733.0,735.2000122070312,714.1500244140625,717.1500244140625,1418108
2025-03-26 03:45:00,719.0,721.9500122070312,701.0,704.4500122070312,1281906
2025-03-27 03:45:00,703.6500244140625,724.8499755859375,701.9000244140625,718.0499877929688,7239201
2025-03-28 03:45:00,718.0499877929688,734.4500122070312,718.0499877929688,727.5,1761132
2025-04-01 04:45:00,725.1500244140625,734.4500122070312,716.0499877929688,724.25,1499170
2025-04-02 04:45:00,725.0,730.6500244140625,712.0999755859375,727.4500122070312,1594854
2025-04-03 04:45:00,720.0,739.7999877929688,720.0,738.25,903058
2025-04-04 04:45:00,738.0,738.0,709.25,714.0999755859375,1061286
2025-04-07 04:45:00,656.0,701.9000244140625,656.0,697.4000244140625,1327614
2025-04-08 04:45:00,715.9500122070312,720.0,704.4000244140625,713.9500122070312,704550
2025-04-09 04:45:00,713.4000244140625,720.9000244140625,707.2000122070312,715.2000122070312,899960
2025-04-11 04:45:00,728.3499755859375,735.4500122070312,721.5,730.7000122070312,933716
2025-04-15 04:45:00,745.4000244140625,756.4000244140625,735.0499877929688,754.5,1274195
2025-04-16 04:45:00,760.9500122070312,766.0,755.5,760.5999755859375,1008913
2025-04-17 04:45:00,759.0,770.75,755.0,769.4000244140625,973140
2025-04-21 04:45:00,773.7000122070312,779.5999755859375,769.6500244140625,774.6500244140625,749021
2025-04-22 04:45:00,776.0,779.6500244140625,769.0,774.8499755859375,610026
2025-04-23 04:45:00,778.5499877929688,787.0999755859375,763.0,784.9500122070312,1228461
2025-04-24 04:45:00,784.9500122070312,785.0,772.0,777.0499877929688,1028891
2025-04-25 04:45:00,777.2000122070312,781.2999877929688,748.2000122070312,751.8499755859375,1352726
2025-04-28 04:45:00,748.2000122070312,767.0,747.5999755859375,764.0499877929688,691102
2025-04-29 04:45:00,765.5,773.8499755859375,754.8499755859375,762.3499755859375,634735
2025-04-30 04:45:00,760.0,763.0,748.0,751.5,944632
2025-05-02 04:45:00,751.5,762.0,746.0999755859375,747.4500122070312,580150
2025-05-05 04:45:00,750.0,766.9500122070312,749.9500122070312,765.4500122070312,886401
2025-05-06 04:45:00,765.4500122070312,766.9500122070312,734.3499755859375,736.75,1029627
2025-05-07 04:45:00,728.8499755859375,745.0,725.6500244140625,741.5,989272
2025-05-08 04:45:00,745.0,750.0,723.0999755859375,727.9500122070312,766498
2025-05-09 04:45:00,707.9500122070312,725.0,706.25,722.5499877929688,1024950
2025-05-12 04:45:00,740.5,764.9500122070312,737.3499755859375,763.4500122070312,1196460
2025-05-13 04:45:00,764.0,772.75,762.5499877929688,764.0,892363
2025-05-14 04:45:00,765.0,781.75,762.4000244140625,777.9000244140625,1224784
2025-05-15 04:45:00,779.0,789.4000244140625,776.2999877929688,785.7000122070312,1287971
2025-05-16 04:45:00,785.7000122070312,815.0,784.0,809.0499877929688,3070129
2025-05-19 04:45:00,813.9000244140625,820.25,803.4000244140625,804.5999755859375,1654632
2025-05-20 04:45:00,806.0,808.2999877929688,784.0,785.75,1297532
2025-05-21 04:45:00,786.7000122070312,795.5999755859375,781.0,790.2000122070312,805323
2025-05-22 04:45:00,786.5999755859375,790.0999755859375,775.0,778.8499755859375,817185
2025-05-23 04:45:00,778.7999877929688,787.4000244140625,775.5,783.0499877929688,615580
2025-05-26 04:45:00,784.0,794.0,783.9000244140625,792.9000244140625,711436
2025-05-27 04:45:00,794.0,797.5,785.3499755859375,793.1500244140625,794318
2025-05-28 04:45:00,795.0,796.75,774.0499877929688,776.3499755859375,2587692
2025-05-29 04:45:00,800.0,800.0,773.0,774.7000122070312,5124252
2025-05-30 04:45:00,777.0,781.5999755859375,754.4000244140625,756.0,2877095
2025-06-02 04:45:00,756.0,771.0,749.5499877929688,766.3499755859375,1621374
2025-06-03 04:45:00,767.0,777.7000122070312,764.0,771.5,1639782
2025-06-04 04:45:00,773.4000244140625,780.4000244140625,763.0999755859375,777.25,1664766
2025-06-05 04:45:00,777.9500122070312,784.0,775.0,781.25,1481683
2025-06-06 04:45:00,782.0,785.5999755859375,777.9000244140625,779.6500244140625,954628
2025-06-09 04:45:00,781.0,792.4500122070312,780.9000244140625,787.9000244140625,1570448
2025-06-10 04:45:00,792.0499877929688,797.5,787.2000122070312,788.9000244140625,1007006
2025-06-11 04:45:00,791.5999755859375,795.9000244140625,778.25,783.0,911690
2025-06-12 04:45:00,783.0,788.4500122070312,769.0,771.2999877929688,1442103
2025-06-13 04:45:00,755.0,774.7000122070312,753.75,770.6500244140625,1303106
2025-06-16 04:45:00,770.0,771.9500122070312,758.5,770.0999755859375,986884
2025-06-17 04:45:00,770.0999755859375,773.7999877929688,766.0,768.7000122070312,884096
2025-06-18 04:45:00,766.4500122070312,771.7000122070312,757.5999755859375,759.7000122070312,542096
2025-06-19 04:45:00,760.0,761.9500122070312,743.2999877929688,746.7999877929688,1139746
2025-06-20 04:45:00,745.5499877929688,758.4000244140625,743.8499755859375,756.5999755859375,861498
2025-06-23 04:45:00,746.5,759.75,746.5,757.8499755859375,685543
2025-06-24 04:45:00,763.0999755859375,770.6500244140625,761.0999755859375,762.0,578906
2025-06-25 04:45:00,770.0,772.5999755859375,765.5,767.5499877929688,820300
2025-06-26 04:45:00,770.0,774.75,763.0,773.0499877929688,864747
2025-06-27 04:45:00,774.0,789.2000122070312,773.2000122070312,785.25,1772042
2025-06-30 04:45:00,788.5499877929688,789.9000244140625,777.0,781.5,1037262
2025-07-01 04:45:00,784.0999755859375,785.25,771.2999877929688,775.5,886549
2025-07-02 04:45:00,776.0,780.8499755859375,768.5,775.5,1093414
2025-07-03 04:45:00,776.9000244140625,783.1500244140625,774.1500244140625,778.5,660457
2025-07-04 04:45:00,779.5999755859375,785.9000244140625,773.1500244140625,781.1500244140625,703398
2025-07-07 04:45:00,782.6500244140625,786.5499877929688,775.0499877929688,784.3499755859375,876286
2025-07-08 04:45:00,784.7000122070312,785.9500122070312,780.2000122070312,785.2000122070312,791455
2025-07-09 04:45:00,787.0499877929688,798.5999755859375,784.2000122070312,786.0499877929688,1442155
2025-07-10 04:45:00,788.0,790.7999877929688,782.9000244140625,784.2000122070312,626845
2025-07-11 04:45:00,781.0999755859375,783.7000122070312,770.0499877929688,773.7000122070312,512434
2025-07-14 04:45:00,773.7000122070312,777.5999755859375,767.25,770.2999877929688,540108
2025-07-15 04:45:00,770.2999877929688,776.9000244140625,769.2999877929688,773.9500122070312,405335
2025-07-16 04:45:00,773.9500122070312,777.9000244140625,771.5,776.5999755859375,481239
2025-07-17 04:45:00,778.0,781.9000244140625,773.2999877929688,774.75,435163
2025-07-18 04:45:00,774.0999755859375,775.7000122070312,763.5999755859375,765.2999877929688,450648
2025-07-21 04:45:00,765.5999755859375,771.7999877929688,758.6500244140625,770.4500122070312,522909
2025-07-22 04:45:00,770.4500122070312,773.2999877929688,759.0,760.5999755859375,485187
2025-07-23 04:45:00,761.5499877929688,762.9500122070312,756.7999877929688,761.9500122070312,558332
2025-07-24 04:45:00,763.0,765.7000122070312,756.0,757.1500244140625,384144
2025-07-25 04:45:00,757.0,757.0499877929688,742.0999755859375,746.25,878236
2025-07-28 04:45:00,746.5,750.0,728.0999755859375,730.0999755859375,523766
2025-07-29 04:45:00,728.0,738.5,727.0,735.7999877929688,456870
2025-07-30 04:45:00,736.0,744.2999877929688,734.0499877929688,736.1500244140625,774642
2025-07-31 04:45:00,730.0,732.4500122070312,723.0999755859375,726.0499877929688,704978
2025-08-01 04:45:00,725.0,725.0,716.0,719.2000122070312,1040532
2025-08-04 04:45:00,717.0,732.2000122070312,712.7000122070312,729.9000244140625,551240
2025-08-05 04:45:00,729.9000244140625,731.75,721.75,726.25,560776
2025-08-06 04:45:00,736.0,743.0,724.2999877929688,729.6500244140625,1507424
2025-08-07 04:45:00,725.0,728.9000244140625,716.0999755859375,727.1500244140625,804696
2025-08-08 04:45:00,727.4000244140625,730.9000244140625,717.0,718.9500122070312,359497
2025-08-11 04:45:00,718.7000122070312,725.3499755859375,716.25,723.2999877929688,447545
2025-08-12 09:50:01,724.0,728.0499877929688,723.2999877929688,723.9000244140625,193830
